Bus,Infeasibility Current Real,Infeasibility Current Imag,Area
1,[0.],[0.],1
2,[0.00402082],[-0.00303827],1
3,[0.0001794],[-0.03066831],1
4,[-0.00660075],[-0.02969727],1
5,[-0.00468025],[-0.02569517],1
6,[-0.01682639],[-0.05526981],1
7,[-0.02040626],[-0.04309833],1
8,[-0.00511643],[-0.06012479],1
9,[-0.03713957],[-0.03916325],1
10,[-0.03764736],[-0.04160894],1
11,[-0.02892093],[-0.04828358],1
12,[-0.02482263],[-0.05295872],1
13,[-0.02889153],[-0.05249711],1
14,[-0.04910247],[-0.04513353],1